PPCName,F1,F2,F3,F4,F5,F6,F7,F8,F9
p01_geocnn_r01,0.134810744089,0.14554069072,0.257657710038,0.523620532668,0.15087547245,17996608.7635,0.609665228039,0.661499987582,0.73525826503
p01_geocnn_r02,0.124818202034,0.157140604367,0.26824621099,0.506586547115,0.159030604092,14840597.3331,0.657407192133,0.621926940243,0.733862052199
p01_geocnn_r03,0.057783004732,0.12697310423,0.2271591407,0.42080442826,0.17796401618,5929020.9394,0.81887295514,0.67527619037,0.8261631925
p01_geocnn_r04,0.035760677732,0.07944972734,0.20648263329,0.37233812857,0.19145543181,4316337.7081,0.92826575506,0.81126703596,0.9227438488
p01_gpcc-octree-predlift_r02,0.03060174889,0.05998366862,0.1961202499,0.4233599611,0.1969415647,378795.3383,4.336019428,4.079661559,4.538611597
p01_gpcc-octree-predlift_r03,0.01449085747,0.03982429865,0.1981970107,0.4415243643,0.1987387192,589679.6411,4.189570499,3.966709972,4.360932846
p01_gpcc-octree-predlift_r04,0.01292631076,0.03901419873,0.1958820743,0.4480302367,0.1973716362,716909.0578,4.263992178,4.043126906,4.422722474
p01_gpcc-octree-predlift_r05,0.01230110224,0.03807800259,0.1969833551,0.447803095,0.1986486739,800810.6842,4.272234223,4.060428183,4.430533486
p01_gpcc-octree-predlift_r06,0.01184050725,0.03881061786,0.1953434677,0.452260204,0.19716825,845141.1333,4.295604542,4.092098729,4.461409546
p01_gpcc-octree-raht_r02,0.03060174889,0.05998366862,0.1961202499,0.4233599611,0.1969415647,374941.2533,4.336019428,4.079661559,4.538611597
p01_gpcc-octree-raht_r03,0.01449085747,0.03982429865,0.1981970107,0.4415243643,0.1987387192,600496.3712,4.189570499,3.966709972,4.360932846
p01_gpcc-octree-raht_r04,0.01292631076,0.03901419873,0.1958820743,0.4480302367,0.1973716362,695962.2327,4.263992178,4.043126906,4.422722474
p01_gpcc-octree-raht_r05,0.01230110224,0.03807800259,0.1969833551,0.447803095,0.1986486739,790336.7173,4.272234223,4.060428183,4.430533486
p01_gpcc-octree-raht_r06,0.01184050725,0.03881061786,0.1953434677,0.452260204,0.19716825,829720.315,4.295604542,4.092098729,4.461409546
p01_vpcc_r00,0.017054332802,0.041125768864,0.1788105242,0.44009532949,0.17679169127,1079320.384,0.93711905737,0.80538209411,0.99834972873
p01_vpcc_r01,0.017040424634,0.039812050597,0.18039884585,0.43979564039,0.17832424045,1190302.4978,0.94646073107,0.81828188492,1.0113100934
p01_vpcc_r02,0.017530508708,0.041626698533,0.18140827069,0.43747785093,0.17953820022,1288557.3184,0.9536510964,0.83184343955,1.0189157927
p01_vpcc_r03,0.018199017655,0.041983241276,0.18182276878,0.43275078366,0.18052953406,1402437.929,0.95948451873,0.84006560185,1.0234046795
p01_vpcc_r04,0.027371736797,0.063068685749,0.18396044782,0.41733103306,0.18153173596,1562430.5475,0.92266582922,0.8190669901,0.97704506663
p01_vpcc_r05,0.03302654021,0.07272072676,0.2129392923,0.2188404557,0.1797108196,881540.0964,1.303737334,1.217274949,1.326609846
p05_geocnn_r01,0.13325894436,0.14125026402,0.25172740348,0.51378763439,0.15029930579,5230721.2681,0.5889906501,0.71684601297,0.65620310216
p05_geocnn_r02,0.063076326896,0.13418624087,0.21195026634,0.46155069894,0.16130837932,2821499.5701,0.7263312855,0.79780825613,0.68021353262
p05_geocnn_r03,0.039083743355,0.092498892087,0.17975792636,0.46364333341,0.16359961445,2507393.7312,0.7676477457,0.87664904803,0.7203821153
p05_geocnn_r04,0.021880726774,0.059855839267,0.18334278616,0.45604283209,0.17701328817,1947587.7701,0.8431850627,0.93689635457,0.80832392092
p05_gpcc-octree-predlift_r02,0.06391740227,0.1021448165,0.1632595626,0.4508260442,0.1570903033,159382.2191,2.793027255,3.275849999,2.672920155
p05_gpcc-octree-predlift_r03,0.0282944452,0.05042843066,0.1795095603,0.4193010637,0.1818144399,336106.8557,1.68176143,1.899077245,1.637694857
p05_gpcc-octree-predlift_r04,0.0188027296,0.0389586619,0.2246609405,0.3836486247,0.221864988,428153.5362,1.510239192,1.664278146,1.478211896
p05_gpcc-octree-predlift_r05,0.01391216369,0.02755498508,0.2124388123,0.386707735,0.2105642315,568933.0699,1.497172758,1.622238092,1.457874058
p05_gpcc-octree-predlift_r06,0.01227955778,0.02661667299,0.2011111754,0.4065766174,0.1999159319,673644.6404,1.485423528,1.646889976,1.464363003
p05_gpcc-octree-raht_r02,0.06391740227,0.1021448165,0.1632595626,0.4508260442,0.1570903033,158819.6002,2.793027255,3.275849999,2.672920155
p05_gpcc-octree-raht_r03,0.0282944452,0.05042843066,0.1795095603,0.4193010637,0.1818144399,363540.5707,1.68176143,1.899077245,1.637694857
p05_gpcc-octree-raht_r04,0.0188027296,0.0389586619,0.2246609405,0.3836486247,0.221864988,441871.9603,1.510239192,1.664278146,1.478211896
p05_gpcc-octree-raht_r05,0.01391216369,0.02755498508,0.2124388123,0.386707735,0.2105642315,549572.5931,1.497172758,1.622238092,1.457874058
p05_gpcc-octree-raht_r06,0.01227955778,0.02661667299,0.2011111754,0.4065766174,0.1999159319,642916.7286,1.485423528,1.646889976,1.464363003
p05_vpcc_r00,0.02661809801,0.07895676892,0.1574776006,0.5025502921,0.1540664408,697715.3549,0.763535896,0.9197451133,0.7255418383
p05_vpcc_r01,0.02157325279,0.06383527058,0.1520507878,0.5136282698,0.1509784243,733021.1988,0.778952223,0.928047617,0.7375684169
p05_vpcc_r02,0.0300379799,0.08511299522,0.1647914241,0.501914574,0.1594831933,801463.9893,0.761252795,0.901363611,0.7269802212
p05_vpcc_r03,0.02274964344,0.06808314579,0.1546427804,0.5147675853,0.1520012479,837890.6902,0.7757056367,0.9178552686,0.7374922505
p05_vpcc_r04,0.02590623296,0.0719950528,0.15602452,0.5077000824,0.1561769199,934204.8933,0.7602838947,0.8983585567,0.7269101074
p05_vpcc_r05,0.02331030924,0.05623107372,0.1778259635,0.4571163512,0.1768902561,894273.9945,0.8282770606,0.9692228065,0.79431872
p07_geocnn_r01,0.13171969385,0.14174750495,0.25225867697,0.51214155585,0.15014419255,5688491.1459,0.55370180674,0.75248268044,0.6630426978
p07_geocnn_r02,0.057942144132,0.12013307078,0.19893942183,0.45558455629,0.16133279887,2953717.5524,0.65316606574,0.89725911495,0.69127683879
p07_geocnn_r03,0.039985506374,0.081685765318,0.16796870984,0.45963467087,0.16234967457,2800567.8939,0.6800469508,0.96066521639,0.7199812488
p07_geocnn_r04,0.018198163955,0.048322097606,0.1926191516,0.44377456822,0.18637394973,1899500.8872,0.74772261656,1.1227497939,0.8519990314
p07_gpcc-octree-predlift_r02,0.0617566429,0.0902156836,0.148096314,0.452005839,0.154257837,74024.9016,2.54439877,3.50804186,2.72860142
p07_gpcc-octree-predlift_r03,0.02950145017,0.05178258951,0.1768716849,0.433554928,0.1803863698,222903.9835,1.470354084,2.048070666,1.626411337
p07_gpcc-octree-predlift_r04,0.02008108453,0.03738058567,0.2223985322,0.3865694132,0.2205500074,377728.8621,1.371495061,1.729187772,1.469450697
p07_gpcc-octree-predlift_r05,0.01454167044,0.02682135063,0.2132399952,0.3989841105,0.2118122665,594946.8172,1.351999243,1.676674938,1.432988952
p07_gpcc-octree-predlift_r06,0.01250607306,0.02375203261,0.2027989943,0.4096450087,0.2017619586,756748.1688,1.328976588,1.708997579,1.422895545
p07_gpcc-octree-raht_r02,0.0617566429,0.0902156836,0.148096314,0.452005839,0.154257837,64828.9005,2.54439877,3.50804186,2.72860142
p07_gpcc-octree-raht_r03,0.02950145017,0.05178258951,0.1768716849,0.433554928,0.1803863698,206047.9573,1.470354084,2.048070666,1.626411337
p07_gpcc-octree-raht_r04,0.02008108453,0.03738058567,0.2223985322,0.3865694132,0.2205500074,341653.047,1.371495061,1.729187772,1.469450697
p07_gpcc-octree-raht_r05,0.01454167044,0.02682135063,0.2132399952,0.3989841105,0.2118122665,552715.9121,1.351999243,1.676674938,1.432988952
p07_gpcc-octree-raht_r06,0.01250607306,0.02375203261,0.2027989943,0.4096450087,0.2017619586,706636.3779,1.328976588,1.708997579,1.422895545
p07_vpcc_r00,0.02277703331,0.06150686255,0.1512677944,0.511874075,0.152989031,315767.7279,0.6706407848,1.029545466,0.7589436205
p07_vpcc_r01,0.02056890363,0.05326110949,0.1494214991,0.5196582676,0.1511518166,406254.0352,0.6756695138,1.035260894,0.7703581256
p07_vpcc_r02,0.02207898451,0.05975254397,0.1515242595,0.519222303,0.1538277896,517725.8809,0.6790924845,1.028809515,0.7728541644
p07_vpcc_r03,0.02246584234,0.05877691069,0.152033377,0.5179895219,0.1553285284,635231.7092,0.6753382157,1.018814802,0.766755619
p07_vpcc_r04,0.02668651787,0.06838453857,0.154424487,0.509509646,0.1588824503,810719.7466,0.6647824187,0.9958159981,0.7493476706
p07_vpcc_r05,0.02409089749,0.05358051239,0.1724778563,0.4721909604,0.1750534759,928396.2486,0.7221060283,1.048062909,0.8060374091
p12_geocnn_r01,0.099362241145,0.13796882922,0.22821916221,0.46501549872,0.1591847173,1827718.633,0.66873476551,0.72347927805,0.68410059606
p12_geocnn_r02,0.089697955077,0.1289541402,0.20753491576,0.45869324846,0.15731351246,1732718.7691,0.68382727872,0.72921317446,0.69026253288
p12_geocnn_r03,0.089036888211,0.12622769752,0.20366232299,0.45763498339,0.15671808257,1734808.1213,0.68495891549,0.72890041808,0.68929723458
p12_geocnn_r04,0.085480650611,0.12143307716,0.19436820014,0.4562155764,0.1555330085,1711871.5703,0.68954830533,0.73092282459,0.69195559393
p12_gpcc-octree-predlift_r02,0.09606856992,0.1319670291,0.2224205746,0.4538871262,0.1627538813,115226.098,2.62984886,2.917448321,2.777500707
p12_gpcc-octree-predlift_r03,0.09133237961,0.1278883668,0.2120493387,0.451883645,0.1613041474,345697.1644,1.320403069,1.469376879,1.39502748
p12_gpcc-octree-predlift_r04,0.08116591034,0.123239737,0.1972044326,0.4385694617,0.1612421721,644610.7899,0.874729596,0.9740619954,0.9544834741
p12_gpcc-octree-predlift_r05,0.08158965621,0.1202663395,0.1926284791,0.438826753,0.1598053474,837830.8271,0.7260829809,0.8818818116,0.8011383594
p12_gpcc-octree-predlift_r06,0.08207805167,0.1188481025,0.190586874,0.4437902213,0.1594682778,954461.8145,0.6895248805,0.8089003909,0.7532491871
p12_gpcc-octree-raht_r02,0.09606856992,0.1319670291,0.2224205746,0.4538871262,0.1627538813,131939.3244,2.62984886,2.917448321,2.777500707
p12_gpcc-octree-raht_r03,0.09133237961,0.1278883668,0.2120493387,0.451883645,0.1613041474,379711.8352,1.320403069,1.469376879,1.39502748
p12_gpcc-octree-raht_r04,0.08116591034,0.123239737,0.1972044326,0.4385694617,0.1612421721,675387.8452,0.874729596,0.9740619954,0.9544834741
p12_gpcc-octree-raht_r05,0.08158965621,0.1202663395,0.1926284791,0.438826753,0.1598053474,865941.4633,0.7260829809,0.8818818116,0.8011383594
p12_gpcc-octree-raht_r06,0.08207805167,0.1188481025,0.190586874,0.4437902213,0.1594682778,957134.5362,0.6895248805,0.8089003909,0.7532491871
p12_vpcc_r00,0.04985175935,0.1138029612,0.1851723983,0.4691286088,0.1755779077,522530.563,0.6843742762,0.836370746,0.7818603639
p12_vpcc_r01,0.06619661445,0.1272458912,0.2007708728,0.4594915564,0.1735306257,654832.1219,0.6477172274,0.7843752524,0.7220171192
p12_vpcc_r02,0.07490274335,0.1294231742,0.2047024217,0.4487512376,0.1743530967,757301.4483,0.6286106878,0.7558579371,0.6927651902
p12_vpcc_r03,0.07587246029,0.1267398992,0.2005249989,0.4433609844,0.1750877601,849451.707,0.6280741337,0.7549840352,0.6881290439
p12_vpcc_r04,0.07850049813,0.1261074368,0.2011085912,0.4382649875,0.1766537578,923681.8692,0.6231833562,0.7496470025,0.6814970878
p12_vpcc_r05,0.07693193317,0.120077588,0.1927187032,0.4375226861,0.1725881793,950605.8644,0.6445255089,0.7812127231,0.7047560343
p19_geocnn_r01,0.090319632671,0.142820022878,0.22451642238,0.455366161777,0.165324400287,18544881.2628,0.865686868723,0.475460960447,0.737628580136
p19_geocnn_r02,0.0825903129182,0.134863071382,0.206522209234,0.451989430591,0.163561307578,17866724.0438,0.888955570706,0.462057076404,0.747826154566
p19_geocnn_r03,0.0790984446713,0.129264742076,0.196973121466,0.448871149504,0.163370271115,17706801.9263,0.900145609962,0.455801336847,0.750763033221
p19_geocnn_r04,0.0743529404602,0.121821733741,0.182601995781,0.447144348606,0.162543770419,17411579.2702,0.912904184717,0.448333853579,0.756749189563
p19_gpcc-octree-predlift_r02,0.09168751703,0.1368964525,0.2214579935,0.4526659065,0.162952451,315107.5041,3.390376662,1.921911021,2.985475912
p19_gpcc-octree-predlift_r03,0.085177575185,0.12949343509,0.20528730354,0.44827129095,0.16186039152,1862315.7292,1.7220176066,0.95016909478,1.5079588274
p19_gpcc-octree-predlift_r04,0.073171026939,0.1204124525,0.18130613639,0.44380623863,0.15974209351,6449267.7821,1.1545685933,0.63111231744,1.0239329686
p19_gpcc-octree-predlift_r05,0.0715501405587,0.116772528442,0.174916720334,0.441820131957,0.159860023939,10132495.9589,1.01377056352,0.51123015566,0.892854063863
p19_gpcc-octree-predlift_r06,0.0719067550187,0.114362791356,0.171624392735,0.448911846377,0.157248315106,12186965.8268,0.945338765384,0.486158764729,0.829915382753
p19_gpcc-octree-raht_r02,0.09168751703,0.1368964525,0.2214579935,0.4526659065,0.162952451,266241.1904,3.390376662,1.921911021,2.985475912
p19_gpcc-octree-raht_r03,0.085177575185,0.12949343509,0.20528730354,0.44827129095,0.16186039152,1576925.8661,1.7220176066,0.95016909478,1.5079588274
p19_gpcc-octree-raht_r04,0.073171026939,0.1204124525,0.18130613639,0.44380623863,0.15974209351,5959078.2398,1.1545685933,0.63111231744,1.0239329686
p19_gpcc-octree-raht_r05,0.071550140559,0.11677252844,0.17491672033,0.44182013196,0.15986002394,9960100.4871,1.0137705635,0.51123015566,0.89285406386
p19_gpcc-octree-raht_r06,0.0719067550187,0.114362791356,0.171624392735,0.448911846377,0.157248315106,11903532.502,0.945338765384,0.486158764729,0.829915382753
p19_vpcc_r00,0.055274065181,0.1126164394,0.17382948909,0.45806378372,0.17288397446,1419729.2066,0.97294383675,0.41728046303,0.85311574552
p19_vpcc_r01,0.064355490324,0.12246957124,0.18409241218,0.45000775214,0.17152415002,2571400.4653,0.93360911891,0.42694918438,0.80463095515
p19_vpcc_r02,0.066084585162,0.11885060589,0.1774248601,0.4410348592,0.17113303024,6201790.1805,0.91919431993,0.42679626312,0.78628991008
p19_vpcc_r03,0.065159044156,0.11263167736,0.16627784927,0.43650006257,0.17053552124,9656179.0805,0.91951885254,0.42688994018,0.78163554027
p19_vpcc_r04,0.0665615291757,0.11389237314,0.168444716286,0.434918421544,0.17118777287,11939913.6401,0.911512960605,0.428280587686,0.774505294645
p19_vpcc_r05,0.0668107226936,0.111764132742,0.166804758208,0.436262573843,0.169277521366,13022893.5458,0.926488252703,0.434298745564,0.782493029431
p29_geocnn_r01,0.075030408647,0.17631086454,0.22397380036,0.52122851204,0.12367012692,4342501.6025,0.50798566956,0.80258661589,0.70756552364
p29_geocnn_r02,0.061891169507,0.16442544422,0.20568023512,0.51647892127,0.12150275053,4100789.6672,0.50807378945,0.80996150899,0.71873076625
p29_geocnn_r03,0.056685064615,0.1578886234,0.19532002667,0.5150685717,0.12029626762,4139036.0089,0.50447177294,0.81574755274,0.72292122011
p29_geocnn_r04,0.048808172756,0.14536322854,0.17787674935,0.51267224206,0.11874312779,3950766.1438,0.50746699299,0.82149727283,0.72753389543
p29_gpcc-octree-predlift_r02,0.08546009313,0.1724762498,0.2316605451,0.5110582351,0.1328369768,164048.3708,2.104282264,3.078000893,2.794343768
p29_gpcc-octree-predlift_r03,0.0552805665,0.1496172988,0.1871591042,0.5054853028,0.1267511194,467065.2329,1.0024763,1.614343197,1.452731852
p29_gpcc-octree-predlift_r04,0.047232115981,0.1381464268,0.16991675529,0.50416193026,0.12564591395,1131386.7654,0.66778145663,1.0885290114,0.97167406179
p29_gpcc-octree-predlift_r05,0.03875008386,0.1191950152,0.14220903375,0.4977562689,0.12831718891,1642804.9698,0.56198934764,0.94869497858,0.84405248429
p29_gpcc-octree-predlift_r06,0.04153312039,0.12750493526,0.15438565727,0.49925976465,0.12858809965,2122663.084,0.52423027318,0.88072231171,0.78755546274
p29_gpcc-octree-raht_r02,0.08546009313,0.1724762498,0.2316605451,0.5110582351,0.1328369768,150564.1041,2.104282264,3.078000893,2.794343768
p29_gpcc-octree-raht_r03,0.0552805665,0.1496172988,0.1871591042,0.5054853028,0.1267511194,437715.3347,1.0024763,1.614343197,1.452731852
p29_gpcc-octree-raht_r04,0.04723211598,0.1381464268,0.1699167553,0.5041619303,0.125645914,953165.669,0.6677814566,1.088529011,0.9716740618
p29_gpcc-octree-raht_r05,0.03875008386,0.1191950152,0.14220903375,0.4977562689,0.12831718891,1534971.7981,0.56198934764,0.94869497858,0.84405248429
p29_gpcc-octree-raht_r06,0.04153312039,0.12750493526,0.15438565727,0.49925976465,0.12858809965,1987468.4647,0.52423027318,0.88072231171,0.78755546274
p29_vpcc_r00,0.02884969421,0.1194506536,0.166604872,0.5048031536,0.1342344229,841750.506,0.438552757,0.8653566451,0.7469987124
p29_vpcc_r01,0.03860071749,0.1347749258,0.1788617583,0.5016437604,0.1403368414,980419.963,0.4487772421,0.8483343397,0.7408184283
p29_vpcc_r02,0.040629165957,0.13268763055,0.17207300582,0.49015165121,0.14546793776,1071929.7711,0.45357640613,0.83904867459,0.7394586808
p29_vpcc_r03,0.039433976676,0.12874124104,0.16872539134,0.48962562943,0.14515800229,1395337.6464,0.44915062816,0.83929455076,0.73661399053
p29_vpcc_r04,0.038551089202,0.12597005633,0.16621189907,0.48836068532,0.14609705791,1822868.0623,0.44174923295,0.83715960843,0.73295947842
p29_vpcc_r05,0.03266009239,0.11177977985,0.14722839225,0.49001754138,0.13877653876,2143436.3919,0.4470803077,0.8661160581,0.75515967648
p30_geocnn_r01,0.062812984489,0.17861045952,0.21812033219,0.53419536201,0.10841451885,8958190.8402,0.75781564634,0.44902632291,0.81566002914
p30_geocnn_r02,0.042159592858,0.15577183895,0.18515360864,0.5331041425,0.099773347358,7634873.4598,0.7880064078,0.41511660529,0.84398791527
p30_geocnn_r03,0.028527251905,0.12820728327,0.15105929217,0.53251893752,0.093065358262,6568431.6703,0.81055492832,0.3918859744,0.86132988055
p30_geocnn_r04,0.024116733945,0.11736132097,0.13802990259,0.53391211805,0.088436447373,6108331.6436,0.81410799396,0.38543059562,0.86831645727
p30_gpcc-octree-predlift_r02,0.06024721041,0.1746995535,0.2125090484,0.5319569506,0.1060994733,513716.6933,3.023707104,1.721719005,3.287505139
p30_gpcc-octree-predlift_r03,0.053861719795,0.1699305082,0.20337520556,0.53712646536,0.097028154973,1515563.3567,1.5304327877,0.8608845689,1.6398821463
p30_gpcc-octree-predlift_r04,0.042768456295,0.15566725601,0.18611760583,0.53777541888,0.1010480172,4443933.9991,1.040471899,0.56981876068,1.1124422377
p30_gpcc-octree-predlift_r05,0.020915235303,0.10360779429,0.12662686726,0.53306401877,0.10155544551,3203298.3601,0.93457961711,0.43943439484,1.0052771563
p30_gpcc-octree-predlift_r06,0.02103325311,0.10466519601,0.12812435174,0.53516162243,0.10052660205,3540782.2485,0.87246040568,0.41279353561,0.93912736914
p30_gpcc-octree-raht_r02,0.06024721041,0.1746995535,0.2125090484,0.5319569506,0.1060994733,494075.5433,3.023707104,1.721719005,3.287505139
p30_gpcc-octree-raht_r03,0.053861719795,0.1699305082,0.20337520556,0.53712646536,0.097028154973,2084034.4561,1.5304327877,0.8608845689,1.6398821463
p30_gpcc-octree-raht_r04,0.042768456295,0.15566725601,0.18611760583,0.53777541888,0.1010480172,3881844.7148,1.040471899,0.56981876068,1.1124422377
p30_gpcc-octree-raht_r05,0.020915235303,0.10360779429,0.12662686726,0.53306401877,0.10155544551,3039879.3488,0.93457961711,0.43943439484,1.0052771563
p30_gpcc-octree-raht_r06,0.02103325311,0.10466519601,0.12812435174,0.53516162243,0.10052660205,3401734.2822,0.87246040568,0.41279353561,0.93912736914
p30_vpcc_r00,0.018576823329,0.10705844168,0.13932649135,0.5302887412,0.10236588057,2854111.6196,0.81437297442,0.3688308101,0.87599966952
p30_vpcc_r01,0.020396801814,0.11175339462,0.14172190382,0.52884485457,0.10489036399,3041439.3363,0.80842204763,0.36746143483,0.8713367154
p30_vpcc_r02,0.024881134158,0.12167276206,0.1540149757,0.52668816979,0.10982988773,3127331.3924,0.80060140146,0.37643735402,0.86512014623
p30_vpcc_r03,0.022344438653,0.11329873904,0.14276243492,0.5261179221,0.10916653611,3075889.2389,0.80093573424,0.37285981032,0.86637155434
p30_vpcc_r04,0.021309137993,0.10868225604,0.1373600016,0.5252672443,0.11057553904,3056964.6919,0.80221647318,0.3712647134,0.86613331402
p30_vpcc_r05,0.018366132805,0.09812842021,0.12560675545,0.5250637472,0.10541737559,3022814.8838,0.81539624242,0.36729161779,0.88022547326
p32_gpcc-octree-predlift_r02,0.01762006127,0.07470762668,0.07757354765,0.5242665173,0.09612735861,206996.7229,1.436335823,3.610329871,3.228843637
p32_gpcc-octree-predlift_r03,0.0164497892,0.07397361862,0.07738961235,0.527133114,0.09264427647,528723.5105,0.7199918111,1.804475276,1.615817725
p32_gpcc-octree-predlift_r04,0.0121191354,0.05964940621,0.06216876415,0.5299617995,0.08829291765,924214.6147,0.471352035,1.210058486,1.084235229
p32_gpcc-octree-predlift_r05,0.013504878646,0.066435262663,0.070438673349,0.52813516597,0.090986235281,1233424.8155,0.4023702227,1.0383540283,0.93108810591
p32_gpcc-octree-predlift_r06,0.013411025523,0.066451544283,0.070848231377,0.52938352124,0.089330158358,1420723.2917,0.37903698991,0.96809000392,0.86745185427
p32_gpcc-octree-raht_r02,0.01762006127,0.07470762668,0.07757354765,0.5242665173,0.09612735861,175421.2085,1.436335823,3.610329871,3.228843637
p32_gpcc-octree-raht_r03,0.0164497892,0.07397361862,0.07738961235,0.527133114,0.09264427647,580340.3515,0.7199918111,1.804475276,1.615817725
p32_gpcc-octree-raht_r04,0.0121191354,0.05964940621,0.06216876415,0.5299617995,0.08829291765,977132.678,0.471352035,1.210058486,1.084235229
p32_gpcc-octree-raht_r05,0.013504878646,0.066435262663,0.070438673349,0.52813516597,0.090986235281,1218990.0134,0.4023702227,1.0383540283,0.93108810591
p32_gpcc-octree-raht_r06,0.013411025523,0.066451544283,0.070848231377,0.52938352124,0.089330158358,1354557.2188,0.37903698991,0.96809000392,0.86745185427
p32_vpcc_r00,0.004667624496,0.04741111038,0.0782927347,0.5418450476,0.07099749902,958255.5781,0.3251325093,0.9317432721,0.8336362053
p32_vpcc_r01,0.0097529608142,0.064534920912,0.083515993078,0.53760741828,0.080696019793,1078517.488,0.33410772487,0.91711594488,0.82284949199
p32_vpcc_r02,0.01664800095,0.09128832072,0.10672615957,0.53006540472,0.097784370352,1149531.7514,0.34154375597,0.90292140898,0.80636545651
p32_vpcc_r03,0.014147761157,0.079172793332,0.096071652359,0.52952980996,0.095894052455,1218522.4822,0.34202713212,0.90553029294,0.80502343636
p32_vpcc_r04,0.01411131661,0.074662663048,0.08753982066,0.52877586093,0.097956941613,1265215.5159,0.34270882389,0.90318694057,0.80525532052
p32_vpcc_r05,0.01274786203,0.067899575224,0.078268846488,0.52768517886,0.094462954311,1327758.3267,0.34073344328,0.91201910035,0.81000438744
p38_geocnn_r01,0.0873496162367,0.181799888766,0.240733570583,0.524870054554,0.126912336034,24835297.7457,0.760033488505,0.532355435149,0.70205893694
p38_geocnn_r02,0.072784735505,0.175580154806,0.227393599008,0.51843892731,0.12720747796,22647456.1008,0.794350395165,0.514711065314,0.710764922218
p38_geocnn_r03,0.0566863999694,0.158624273108,0.202758950022,0.510169597158,0.129130544891,20394622.6807,0.835010748312,0.498354255647,0.720370239025
p38_geocnn_r04,0.0479914653543,0.143800941726,0.181405547984,0.50679211534,0.127857435467,19449701.9345,0.857634041286,0.486170032856,0.725957183921
p38_gpcc-octree-predlift_r02,0.07365128091,0.1683294314,0.2198262833,0.5049569919,0.1358145224,692938.8332,3.240963598,2.000498756,2.830148858
p38_gpcc-octree-predlift_r03,0.068349916658,0.16502780509,0.21249577443,0.50854107717,0.13076337842,4515155.4985,1.6264246776,1.0155331268,1.4087359571
p38_gpcc-octree-predlift_r04,0.052008428485,0.14656665127,0.18314565813,0.50564458313,0.12901727886,9338830.7604,1.1205481162,0.66302846976,0.96482242349
p38_gpcc-octree-predlift_r05,0.0451957050254,0.13313507998,0.164945487325,0.502747325844,0.129428735379,11290336.2747,0.988438902898,0.552842148294,0.83703334104
p38_gpcc-octree-predlift_r06,0.0423710369799,0.12724600669,0.156586560504,0.501122954143,0.131067623231,11778106.6918,0.930711388258,0.511008701217,0.788100755804
p38_gpcc-octree-raht_r02,0.07365128091,0.1683294314,0.2198262833,0.5049569919,0.1358145224,672958.1146,3.240963598,2.000498756,2.830148858
p38_gpcc-octree-raht_r03,0.068349916658,0.16502780509,0.21249577443,0.50854107717,0.13076337842,4088514.6578,1.6264246776,1.0155331268,1.4087359571
p38_gpcc-octree-raht_r04,0.052008428485,0.14656665127,0.18314565813,0.50564458313,0.12901727886,8705616.0903,1.1205481162,0.66302846976,0.96482242349
p38_gpcc-octree-raht_r05,0.0451957050254,0.13313507998,0.164945487325,0.502747325844,0.129428735379,10977355.731,0.988438902898,0.552842148294,0.83703334104
p38_gpcc-octree-raht_r06,0.0423710369799,0.12724600669,0.156586560504,0.501122954143,0.131067623231,11586690.0395,0.930711388258,0.511008701217,0.788100755804
p38_vpcc_r00,0.031088189172,0.12085840972,0.16738365628,0.50172834583,0.13537402004,5017383.3507,0.89693779017,0.47615002185,0.71151818677
p38_vpcc_r01,0.035920323542,0.12823372628,0.17317801824,0.49886744054,0.13826538279,6214466.5165,0.88011810299,0.48069631547,0.70365164525
p38_vpcc_r02,0.041107529015,0.13408414358,0.18094026812,0.49277030613,0.14372411319,7129156.8769,0.86692687091,0.48574762671,0.70051906537
p38_vpcc_r03,0.04050872208,0.12861299113,0.17540601618,0.4883869136,0.145711376,8161630.4307,0.86909914764,0.4910368664,0.70244612851
p38_vpcc_r04,0.039664422282,0.12403329574,0.17118412374,0.48670187498,0.14730356233,9279458.3886,0.86823207828,0.4960790627,0.70103639935
p38_vpcc_r05,0.034049550445,0.11051686513,0.15549433095,0.48859578396,0.14154846035,9572759.133,0.89515838051,0.50187916965,0.71768525802
p47_geocnn_r01,0.065242916746,0.141500766139,0.193780490304,0.485961421511,0.143807901546,21781003.3434,0.804030759179,0.517217273381,0.773848631387
p47_geocnn_r02,0.0541661063133,0.121776432696,0.161512317873,0.484415801225,0.1399337083,21060993.8152,0.822871293245,0.506973076605,0.787795111759
p47_geocnn_r03,0.0464767198089,0.105920260373,0.140874822871,0.486936376989,0.136177658657,20385693.6744,0.835691720195,0.501591808815,0.801031194204
p47_geocnn_r04,0.0433263458008,0.0976198537366,0.129825388079,0.488496662282,0.134340094411,20147156.3796,0.840890277093,0.498765664115,0.805555665944
p47_gpcc-octree-predlift_r02,0.06531335008,0.1322474962,0.1802149494,0.4735526277,0.148171271,500967.3197,3.139462452,2.07578183,3.100781714
p47_gpcc-octree-predlift_r03,0.05623970298,0.11530874631,0.15258756221,0.47334042359,0.14554627864,2127235.9728,1.5958250715,1.0311620174,1.5729308886
p47_gpcc-octree-predlift_r04,0.044544554303,0.099066095563,0.13295279585,0.47643357065,0.14457044861,6048354.8684,1.0756424452,0.6863782209,1.0757008591
p47_gpcc-octree-predlift_r05,0.0425012297673,0.0937501229921,0.127764302941,0.479557534246,0.142467963618,10387880.3135,0.93342691649,0.584659212449,0.931894114983
p47_gpcc-octree-predlift_r06,0.0422532110666,0.0921165911921,0.127056515872,0.483953137543,0.140671441294,12972963.0062,0.875324012065,0.545247676931,0.874403966283
p47_gpcc-octree-raht_r02,0.06531335008,0.1322474962,0.1802149494,0.4735526277,0.148171271,475836.3449,3.139462452,2.07578183,3.100781714
p47_gpcc-octree-raht_r03,0.05623970298,0.11530874631,0.15258756221,0.47334042359,0.14554627864,1888232.796,1.5958250715,1.0311620174,1.5729308886
p47_gpcc-octree-raht_r04,0.044544554303,0.099066095563,0.13295279585,0.47643357065,0.14457044861,5443130.8049,1.0756424452,0.6863782209,1.0757008591
p47_gpcc-octree-raht_r05,0.042501229767,0.093750122992,0.12776430294,0.47955753425,0.14246796362,9969699.4179,0.93342691649,0.58465921245,0.93189411498
p47_gpcc-octree-raht_r06,0.0422532110666,0.0921165911921,0.127056515872,0.483953137543,0.140671441294,12460587.8939,0.875324012065,0.545247676931,0.874403966283
p47_vpcc_r00,0.028074387926,0.091703940106,0.14159358984,0.50452323137,0.14058712014,2174317.445,0.85556942358,0.48722282162,0.86358413843
p47_vpcc_r01,0.035456497393,0.1014256317,0.14704715311,0.49345783897,0.14436600853,3171485.0134,0.82874394205,0.49561649442,0.82803051862
p47_vpcc_r02,0.038257213004,0.099790195801,0.14168758477,0.48533541407,0.14684872403,4910109.2003,0.8152727867,0.49818015176,0.81120597229
p47_vpcc_r03,0.041010463787,0.099618729829,0.13915821216,0.47943725109,0.1504932937,8216942.9415,0.80687433541,0.50182767031,0.80122481788
p47_vpcc_r04,0.0404753217151,0.0970825381596,0.134926676188,0.479080859522,0.149879772009,11952684.892,0.803900603781,0.501759806285,0.797505621089
p47_vpcc_r05,0.0391086084989,0.0899010708618,0.124361494475,0.478528644155,0.146180355336,14448278.8254,0.821289532684,0.507938579814,0.812173410322
p57_geocnn_r01,0.102393568107,0.169043531703,0.250022181285,0.50395554511,0.146992055357,47020073.1281,0.672240142502,0.672768719016,0.660045541719
p57_geocnn_r02,0.0863340335348,0.164790500526,0.235990921236,0.491276371589,0.149014349231,43393011.892,0.705875235945,0.674817886251,0.66077130595
p57_geocnn_r03,0.0786901883357,0.159787195111,0.224337014548,0.488278703573,0.147797164235,42887439.8308,0.716820945156,0.677506844056,0.662480577911
p57_geocnn_r04,0.0595257215956,0.136152046294,0.18660947691,0.478430754411,0.14703265146,38656231.3914,0.750593218464,0.68415145371,0.6713264797
p57_gpcc-octree-predlift_r02,0.091933299084,0.15617529433,0.23516817479,0.46862714216,0.15980644221,1526907.3864,2.8379318416,2.6199143526,2.6977829449
p57_gpcc-octree-predlift_r03,0.073937745977,0.14234843791,0.20017046622,0.46425979667,0.15548402091,6528282.9283,1.4426992486,1.3466475323,1.3430131348
p57_gpcc-octree-predlift_r04,0.0585309595479,0.124124546047,0.168038350664,0.464816612226,0.151060198978,16018646.3399,0.969886250338,0.914799431805,0.908563857468
p57_gpcc-octree-predlift_r05,0.0568559601255,0.11879233885,0.159215777892,0.465737234833,0.148666256644,23208660.793,0.84962024156,0.765073778733,0.791861998712
p57_gpcc-octree-predlift_r06,0.0548582533773,0.115119794127,0.153038991971,0.469606361481,0.147147601495,27009039.699,0.791607541997,0.723562861646,0.737472675949
p57_gpcc-octree-raht_r02,0.091933299084,0.15617529433,0.23516817479,0.46862714216,0.15980644221,1408576.6713,2.8379318416,2.6199143526,2.6977829449
p57_gpcc-octree-raht_r03,0.073937745977,0.14234843791,0.20017046622,0.46425979667,0.15548402091,6202711.7067,1.4426992486,1.3466475323,1.3430131348
p57_gpcc-octree-raht_r04,0.0585309595479,0.124124546047,0.168038350664,0.464816612226,0.151060198978,15142006.0457,0.969886250338,0.914799431805,0.908563857468
p57_gpcc-octree-raht_r05,0.0568559601255,0.11879233885,0.159215777892,0.465737234833,0.148666256644,22926348.8421,0.84962024156,0.765073778733,0.791861998712
p57_gpcc-octree-raht_r06,0.0548582533773,0.115119794127,0.153038991971,0.469606361481,0.147147601495,26543448.8984,0.791607541997,0.723562861646,0.737472675949
p57_vpcc_r00,0.052149199731,0.14459155202,0.21582032783,0.47203815244,0.16622082668,9385197.4294,0.72511405944,0.67972149985,0.65947520532
p57_vpcc_r01,0.0603854525678,0.150491399303,0.224229236678,0.466692595866,0.170100723174,12217133.8366,0.706295605721,0.666839952545,0.64401151612
p57_vpcc_r02,0.0618184103078,0.147824751833,0.219761235224,0.457306997432,0.173675029602,16472721.5987,0.698162561456,0.656266912897,0.637110062144
p57_vpcc_r03,0.0605703567683,0.143808287014,0.213788096681,0.45347641734,0.175391168265,22043831.8534,0.702277660689,0.653097113864,0.634348979986
p57_vpcc_r04,0.0569401414142,0.138105220234,0.203637912604,0.450897560214,0.175417085373,25768203.5171,0.705380245433,0.654534148793,0.63411944279
p57_vpcc_r05,0.051771619578,0.1264592875,0.188069649827,0.448844022692,0.169578274208,25934957.7589,0.737472303405,0.678583404727,0.659431063526
p59_geocnn_r01,0.0646283403057,0.161028808588,0.211737246009,0.50402528246,0.134344798878,18038018.9101,0.765141016108,0.631986591705,0.648667910949
p59_geocnn_r02,0.0537335736006,0.146142799353,0.187653971828,0.50071898246,0.132011000768,17366208.39,0.781279200899,0.633091863046,0.650530786374
p59_geocnn_r03,0.0471117364158,0.134585532295,0.171537186663,0.49884376951,0.130629138802,16977272.9399,0.792332499752,0.635736843516,0.653145371448
p59_geocnn_r04,0.0389664924161,0.114119858985,0.14375381999,0.496170466098,0.129469203163,15846259.282,0.806488131096,0.635877712822,0.656751320732
p59_gpcc-octree-predlift_r02,0.05675319237,0.1390200251,0.177366278,0.4843564183,0.1425998592,877877.733,3.086206378,2.53592511,2.606603892
p59_gpcc-octree-predlift_r03,0.049179461792,0.12450244864,0.15537620583,0.4847453974,0.14001432972,3126926.0994,1.5622719509,1.2730869595,1.3128828272
p59_gpcc-octree-predlift_r04,0.040374882825,0.10841920879,0.13542152937,0.48782088262,0.13709778408,6373794.0671,1.0516375531,0.85361212051,0.8912000927
p59_gpcc-octree-predlift_r05,0.038660002824,0.10351233637,0.12914118827,0.49089472551,0.13383004583,8761396.7459,0.91167181293,0.73070844427,0.7667035746
p59_gpcc-octree-predlift_r06,0.0376851795908,0.101054835925,0.127081059167,0.49266367506,0.133146777518,10080175.1437,0.853458042242,0.683639823486,0.716915184276
p59_gpcc-octree-raht_r02,0.05675319237,0.1390200251,0.177366278,0.4843564183,0.1425998592,879464.491,3.086206378,2.53592511,2.606603892
p59_gpcc-octree-raht_r03,0.049179461792,0.12450244864,0.15537620583,0.4847453974,0.14001432972,3162798.4246,1.5622719509,1.2730869595,1.3128828272
p59_gpcc-octree-raht_r04,0.040374882825,0.10841920879,0.13542152937,0.48782088262,0.13709778408,6277404.1116,1.0516375531,0.85361212051,0.8912000927
p59_gpcc-octree-raht_r05,0.038660002824,0.10351233637,0.12914118827,0.49089472551,0.13383004583,8717089.9474,0.91167181293,0.73070844427,0.7667035746
p59_gpcc-octree-raht_r06,0.037685179591,0.10105483593,0.12708105917,0.49266367506,0.13314677752,9893198.4481,0.85345804224,0.68363982349,0.71691518428
p59_vpcc_r00,0.02894880654,0.1131801308,0.15468505858,0.51104162155,0.12649969711,4603671.7497,0.81086147078,0.63687311664,0.65857599411
p59_vpcc_r01,0.035243851942,0.12166538261,0.16306155489,0.5047524362,0.13256423402,5809106.8988,0.78879782852,0.63154847025,0.65024424291
p59_vpcc_r02,0.039190668972,0.12379833182,0.16392083792,0.49510747728,0.1409681574,6991563.3202,0.78147538845,0.63036774337,0.64465219785
p59_vpcc_r03,0.041891119503,0.1258709362,0.16623369002,0.48960236013,0.14617819563,8259826.9608,0.7728161137,0.63045902377,0.63653281058
p59_vpcc_r04,0.037834633438,0.11525390954,0.15075305407,0.48786675765,0.14576874599,9539990.6213,0.77799150864,0.63189689199,0.63788580829
p59_vpcc_r05,0.0352111767236,0.107357799649,0.139614758085,0.48821622292,0.140544536905,10008952.9311,0.793403895546,0.641586284934,0.647529379046
p61_geocnn_r01,0.0605461489956,0.158692733028,0.204788959219,0.506835814387,0.131322585303,18262541.0283,0.815608494713,0.60164615235,0.629258335281
p61_geocnn_r02,0.0541663977803,0.14958344289,0.18968849156,0.505409138721,0.129175505609,17755428.6161,0.827531250743,0.599077845559,0.630352053284
p61_geocnn_r03,0.0445307338635,0.131385881604,0.163521041095,0.502589951696,0.127637118401,17051512.6272,0.842097844892,0.600164402223,0.63497932393
p61_geocnn_r04,0.0398871313055,0.118947053668,0.145995464875,0.500547823212,0.127063052955,16687398.8787,0.850496005188,0.598373383079,0.637930023936
p61_gpcc-octree-predlift_r02,0.052313687066,0.13662652052,0.17092283077,0.49071984823,0.13806651259,1080633.1441,3.2858528932,2.4041435957,2.550013017
p61_gpcc-octree-predlift_r03,0.046955505604,0.125868225,0.15462340582,0.49110672899,0.13599787802,3520327.9126,1.6539818308,1.2037808588,1.2850732541
p61_gpcc-octree-predlift_r04,0.039637960253,0.1113229759,0.13576125367,0.49231485144,0.1330836707,6994942.2135,1.1044066301,0.80600606408,0.87302242347
p61_gpcc-octree-predlift_r05,0.038766115837,0.10734212115,0.1296722461,0.49472782561,0.13016094986,9431641.6835,0.96013675292,0.6923657893,0.7413783282
p61_gpcc-octree-predlift_r06,0.0378156114332,0.104732930169,0.126179454093,0.497159185108,0.127955258042,10703300.283,0.89705391746,0.645096152824,0.695641737828
p61_gpcc-octree-raht_r02,0.052313687066,0.13662652052,0.17092283077,0.49071984823,0.13806651259,1063119.6124,3.2858528932,2.4041435957,2.550013017
p61_gpcc-octree-raht_r03,0.046955505604,0.125868225,0.15462340582,0.49110672899,0.13599787802,3377104.7374,1.6539818308,1.2037808588,1.2850732541
p61_gpcc-octree-raht_r04,0.039637960253,0.1113229759,0.13576125367,0.49231485144,0.1330836707,6793896.6239,1.1044066301,0.80600606408,0.87302242347
p61_gpcc-octree-raht_r05,0.038766115837,0.10734212115,0.1296722461,0.49472782561,0.13016094986,9346505.1857,0.96013675292,0.6923657893,0.7413783282
p61_gpcc-octree-raht_r06,0.0378156114332,0.104732930169,0.126179454093,0.497159185108,0.127955258042,10518721.8414,0.89705391746,0.645096152824,0.695641737828
p61_vpcc_r00,0.024410546544,0.10095693253,0.1356057124,0.51488668409,0.12114998036,5433278.8815,0.87063745754,0.60497335381,0.63495580774
p61_vpcc_r01,0.033564050909,0.1198487193,0.1566032627,0.50667290084,0.1309412598,6875642.583,0.84290363097,0.60017297709,0.62898708251
p61_vpcc_r02,0.036236969213,0.12099035181,0.15752203011,0.50116132036,0.13647895584,8251046.5916,0.83168480214,0.6000272972,0.62782620747
p61_vpcc_r03,0.034999655925,0.11407708193,0.14785463017,0.49737954648,0.138468194,9454664.4654,0.83349993314,0.60318637061,0.62590741899
p61_vpcc_r04,0.0380446522541,0.119638603649,0.15391978728,0.495625233995,0.141050305774,10684778.0016,0.826373507722,0.602282320694,0.622184176794
p61_vpcc_r05,0.0356342994337,0.112410292242,0.143058264031,0.494959031893,0.136343749545,11175945.2429,0.842520794687,0.610664899441,0.629027584108
p63_geocnn_r01,0.0664133020207,0.152706415943,0.210204638895,0.477777636841,0.152407954248,37395615.4902,0.893126099467,0.394444002193,0.77262138351
p63_geocnn_r02,0.0508901012527,0.128254535535,0.165232904034,0.475764323725,0.146510530458,36273983.8141,0.922921773919,0.368158679189,0.793543147063
p63_geocnn_r03,0.0442278714288,0.111956396905,0.139917369188,0.473446184636,0.145809497489,35754623.2169,0.938856548736,0.354430463343,0.802734862503
p63_geocnn_r04,0.0414227086437,0.102288981516,0.124765382764,0.472204996783,0.145434219359,35622418.2388,0.945502879531,0.349725293227,0.805854442051
p63_gpcc-octree-predlift_r02,0.05956351178,0.1336617674,0.1769815165,0.4745704566,0.1480427814,341407.7134,3.568534917,1.552518783,3.112667397
p63_gpcc-octree-predlift_r03,0.0494720809,0.11537743968,0.14572398392,0.47576085771,0.14424012102,3620302.5197,1.8185658917,0.74423322732,1.5903558171
p63_gpcc-octree-predlift_r04,0.0398589193337,0.101118474019,0.125094177867,0.486060911128,0.13548238185,13286351.5015,1.221921098,0.489260365899,1.08149290786
p63_gpcc-octree-predlift_r05,0.0385802039722,0.0975522425536,0.120343853326,0.485685878352,0.135540502281,20487752.5725,1.06072950904,0.404901045777,0.936877418296
p63_gpcc-octree-predlift_r06,0.0389140361263,0.0964901826376,0.119170577823,0.484427027843,0.136813026693,24493148.9717,0.99288591759,0.380048417694,0.873396286714
p63_gpcc-octree-raht_r02,0.05956351178,0.1336617674,0.1769815165,0.4745704566,0.1480427814,292363.6618,3.568534917,1.552518783,3.112667397
p63_gpcc-octree-raht_r03,0.0494720809,0.11537743968,0.14572398392,0.47576085771,0.14424012102,2543845.5719,1.8185658917,0.74423322732,1.5903558171
p63_gpcc-octree-raht_r04,0.0398589193337,0.101118474019,0.125094177867,0.486060911128,0.13548238185,11882611.8485,1.221921098,0.489260365899,1.08149290786
p63_gpcc-octree-raht_r05,0.0385802039722,0.0975522425536,0.120343853326,0.485685878352,0.135540502281,20030570.4543,1.06072950904,0.404901045777,0.936877418296
p63_gpcc-octree-raht_r06,0.0389140361263,0.0964901826376,0.119170577823,0.484427027843,0.136813026693,23880333.7613,0.99288591759,0.380048417694,0.873396286714
p63_vpcc_r00,0.035960430128,0.11533684127,0.15630326093,0.48860639784,0.14023030085,2530610.0135,0.95453443716,0.3270798007,0.84573645323
p63_vpcc_r01,0.0388180419782,0.113716585014,0.150716995771,0.483606295376,0.143374000552,10357877.7673,0.938440621374,0.336150710257,0.825903785199
p63_vpcc_r02,0.0394143208237,0.111676284638,0.147224671984,0.48100934645,0.14493795432,17432233.5964,0.933500011179,0.337026458808,0.823718993714
p63_vpcc_r03,0.0395437657396,0.107196952558,0.140539288512,0.477310291281,0.147467463788,22388126.4157,0.931793082868,0.336059466323,0.822513617593
p63_vpcc_r04,0.0393629297864,0.1046032855,0.136960571596,0.477182939597,0.148032937088,26510670.3627,0.927312691327,0.339634012747,0.817034637239
p63_vpcc_r05,0.0389673462702,0.0998197536144,0.129105337332,0.474591287638,0.1463193369,28464690.341,0.941880000459,0.33971520488,0.829335279541
p66_geocnn_r01,0.063949411222,0.161451235416,0.214946555432,0.501196534035,0.138759218488,10374543.1945,0.871606655067,0.371782992618,0.821211259908
p66_geocnn_r02,0.058105636164,0.15280868471,0.19707235198,0.50086756351,0.13500629621,9893357.553,0.88177885182,0.35303970843,0.82364608703
p66_geocnn_r03,0.043092613677,0.12651727801,0.1558012748,0.49911981421,0.12984204991,9709725.0795,0.90801725222,0.32655228612,0.84432440735
p66_geocnn_r04,0.03580860753,0.10610403218,0.12741427227,0.4979248769,0.12785377,9199846.7504,0.92205279113,0.31424287319,0.85594074885
p66_gpcc-octree-predlift_r02,0.05142182756,0.1341913283,0.1659741025,0.4886733288,0.1382208488,307865.0804,3.545236944,1.351879134,3.348464525
p66_gpcc-octree-predlift_r03,0.042929166645,0.11417686618,0.13691611108,0.48893069453,0.13439764328,1321450.8677,1.789122485,0.66715022904,1.6946051068
p66_gpcc-octree-predlift_r04,0.035889607003,0.099473377688,0.11743133226,0.4932835139,0.12953344967,3148909.9141,1.198644254,0.43930320065,1.1469286342
p66_gpcc-octree-predlift_r05,0.034291178005,0.095262682875,0.11183571261,0.49559857917,0.12698318516,4701746.7322,1.0400272142,0.35846230546,0.99479956657
p66_gpcc-octree-predlift_r06,0.033519718211,0.092965125632,0.10920617566,0.49814572683,0.12516194532,5687620.1287,0.97130853351,0.33537527171,0.92990091814
p66_gpcc-octree-raht_r02,0.05142182756,0.1341913283,0.1659741025,0.4886733288,0.1382208488,274852.3988,3.545236944,1.351879134,3.348464525
p66_gpcc-octree-raht_r03,0.042929166645,0.11417686618,0.13691611108,0.48893069453,0.13439764328,1202293.0632,1.789122485,0.66715022904,1.6946051068
p66_gpcc-octree-raht_r04,0.035889607003,0.099473377688,0.11743133226,0.4932835139,0.12953344967,2925545.915,1.198644254,0.43930320065,1.1469286342
p66_gpcc-octree-raht_r05,0.034291178005,0.095262682875,0.11183571261,0.49559857917,0.12698318516,4589918.0786,1.0400272142,0.35846230546,0.99479956657
p66_gpcc-octree-raht_r06,0.033519718211,0.092965125632,0.10920617566,0.49814572683,0.12516194532,5490261.3657,0.97130853351,0.33537527171,0.92990091814
p66_vpcc_r00,0.023153606378,0.092658870292,0.13061495222,0.50739184661,0.12890278873,1521775.6638,0.9297607308,0.27671096763,0.90542358061
p66_vpcc_r01,0.029637774706,0.10292000008,0.13635874007,0.49457293018,0.13814855116,2196652.366,0.91038666197,0.29003298863,0.87066441252
p66_vpcc_r02,0.032281469564,0.10525829844,0.13818487811,0.48879113153,0.14254218755,3119308.6847,0.89875199561,0.29953358313,0.85964533387
p66_vpcc_r03,0.033600170186,0.10545275801,0.13713758773,0.48447641313,0.14539553783,4149407.5624,0.89418814523,0.30301070664,0.85321556163
p66_vpcc_r04,0.034527112972,0.10640100391,0.137571553,0.48384515886,0.14600637227,5257522.3667,0.89166008717,0.30450297541,0.84932684184
p66_vpcc_r05,0.032974230646,0.10076999608,0.12881220451,0.48485414054,0.14227578657,5879078.4169,0.90956186514,0.29887253699,0.86190094145
